{"v":"5.4.2","fr":60,"ip":0,"op":390,"w":360,"h":360,"nm":"AE_GirlEnding","ddd":0,"assets":[{"id":"comp_0","layers":[{"ddd":0,"ind":1,"ty":4,"nm":"Path 48","sr":1,"ks":{"o":{"a":0,"k":100,"ix":11},"r":{"a":0,"k":0,"ix":10},"p":{"a":0,"k":[161.237,39.42,0],"ix":2},"a":{"a":0,"k":[3.833,3.953,0],"ix":1},"s":{"a":0,"k":[100,100,100],"ix":6}},"ao":0,"shapes":[{"ind":0,"ty":"sh","ix":1,"ks":{"a":0,"k":{"i":[[0,0],[-1.193,-1.204],[0.94,-1.819],[1.88,-0.163],[0,0],[-0.334,1.064],[-0.633,0.877]],"o":[[0,0],[1.193,1.205],[-0.94,1.82],[-1.88,0.163],[0,0],[0.335,-1.063],[0.633,-0.878]],"v":[[2.432,0.294],[6.521,0.644],[7.132,5.532],[3.277,7.894],[0,6.544],[0.646,3.91],[1.406,2.358]],"c":true},"ix":2},"nm":"Trazado 1","mn":"ADBE Vector Shape - Group","hd":false},{"ty":"fl","c":{"a":0,"k":[0.972549019608,0.8,0.678431372549,1],"ix":4},"o":{"a":0,"k":100,"ix":5},"r":1,"nm":"Relleno 1","mn":"ADBE Vector Graphic - Fill","hd":false}],"ip":0,"op":3600,"st":0,"bm":0},{"ddd":0,"ind":2,"ty":4,"nm":"Path 47","sr":1,"ks":{"o":{"a":0,"k":100,"ix":11},"r":{"a":0,"k":0,"ix":10},"p":{"a":0,"k":[120.878,39.744,0],"ix":2},"a":{"a":0,"k":[3.896,3.937,0],"ix":1},"s":{"a":0,"k":[100,100,100],"ix":6}},"ao":0,"shapes":[{"ind":0,"ty":"sh","ix":1,"ks":{"a":0,"k":{"i":[[0,0],[1.193,-1.205],[-0.94,-1.819],[-1.88,-0.163],[0,0]],"o":[[0,0],[-1.193,1.205],[0.94,1.819],[1.88,0.163],[0,0]],"v":[[5.624,0.536],[0.949,0.536],[0.66,5.5],[4.515,7.861],[7.792,6.511]],"c":true},"ix":2},"nm":"Trazado 1","mn":"ADBE Vector Shape - Group","hd":false},{"ty":"fl","c":{"a":0,"k":[0.972549019608,0.8,0.678431372549,1],"ix":4},"o":{"a":0,"k":100,"ix":5},"r":1,"nm":"Relleno 1","mn":"ADBE Vector Graphic - Fill","hd":false}],"ip":0,"op":3600,"st":0,"bm":0},{"ddd":0,"ind":3,"ty":4,"nm":"Path 46","sr":1,"ks":{"o":{"a":0,"k":100,"ix":11},"r":{"a":0,"k":0,"ix":10},"p":{"a":0,"k":[141.721,20.595,0],"ix":2},"a":{"a":0,"k":[20.117,17.261,0],"ix":1},"s":{"a":0,"k":[100,100,100],"ix":6}},"ao":0,"shapes":[{"ind":0,"ty":"sh","ix":1,"ks":{"a":0,"k":{"i":[[0,0],[-0.955,6.645],[-4.048,3.036],[-6.578,-1.566],[0,0],[-1.682,-1.312],[-0.803,-2.759],[0.181,-5.792],[0,0],[1.934,3.974],[0,0],[6.96,-4.305]],"o":[[0,0],[0.955,-6.645],[4.048,-3.036],[6.579,1.566],[0,0],[1.682,1.312],[0.803,2.758],[-0.181,5.791],[0,0],[-1.934,-3.974],[0,0],[-6.96,4.306]],"v":[[0.761,34.263],[0.337,14.258],[5.822,2.119],[21.683,1.333],[31.638,6.485],[37.015,5.836],[37.408,11.357],[40.224,19.836],[36.685,34.522],[31.2,26.441],[28.95,18.625],[19.049,28.388]],"c":true},"ix":2},"nm":"Trazado 1","mn":"ADBE Vector Shape - Group","hd":false},{"ty":"fl","c":{"a":0,"k":[0.141176470588,0.070588235294,0.2,1],"ix":4},"o":{"a":0,"k":100,"ix":5},"r":1,"nm":"Relleno 1","mn":"ADBE Vector Graphic - Fill","hd":false}],"ip":0,"op":3600,"st":0,"bm":0},{"ddd":0,"ind":4,"ty":4,"nm":"Path 45","sr":1,"ks":{"o":{"a":0,"k":100,"ix":11},"r":{"a":0,"k":0,"ix":10},"p":{"a":0,"k":[150.045,38.91,0],"ix":2},"a":{"a":0,"k":[4.741,0.747,0],"ix":1},"s":{"a":0,"k":[100,100,100],"ix":6}},"ao":0,"shapes":[{"ind":0,"ty":"sh","ix":1,"ks":{"a":0,"k":{"i":[[0,0],[-2.371,0],[0,0]],"o":[[0,0],[2.371,0],[0,0]],"v":[[0,0],[4.628,1.493],[9.483,0]],"c":false},"ix":2},"nm":"Trazado 1","mn":"ADBE Vector Shape - Group","hd":false},{"ty":"st","c":{"a":0,"k":[0.050980392157,0,0,1],"ix":3},"o":{"a":0,"k":100,"ix":4},"w":{"a":0,"k":1,"ix":5},"lc":2,"lj":1,"ml":4,"ml2":{"a":0,"k":4,"ix":8},"nm":"Trazo 1","mn":"ADBE Vector Graphic - Stroke","hd":false}],"ip":0,"op":3600,"st":0,"bm":0},{"ddd":0,"ind":5,"ty":4,"nm":"Path 44","sr":1,"ks":{"o":{"a":0,"k":100,"ix":11},"r":{"a":0,"k":0,"ix":10},"p":{"a":0,"k":[141.425,53.38,0],"ix":2},"a":{"a":0,"k":[4.741,0.747,0],"ix":1},"s":{"a":0,"k":[100,100,100],"ix":6}},"ao":0,"shapes":[{"ind":0,"ty":"sh","ix":1,"ks":{"a":0,"k":{"i":[[0,0],[-2.371,0],[0,0]],"o":[[0,0],[2.371,0],[0,0]],"v":[[0,0],[4.628,1.493],[9.483,0]],"c":false},"ix":2},"nm":"Trazado 1","mn":"ADBE Vector Shape - Group","hd":false},{"ty":"st","c":{"a":0,"k":[1,0.082352941176,0.313725490196,1],"ix":3},"o":{"a":0,"k":100,"ix":4},"w":{"a":0,"k":1,"ix":5},"lc":2,"lj":1,"ml":4,"ml2":{"a":0,"k":4,"ix":8},"nm":"Trazo 1","mn":"ADBE Vector Graphic - Stroke","hd":false}],"ip":0,"op":3600,"st":0,"bm":0},{"ddd":0,"ind":6,"ty":4,"nm":"Path 43","sr":1,"ks":{"o":{"a":0,"k":100,"ix":11},"r":{"a":0,"k":0,"ix":10},"p":{"a":0,"k":[133.112,38.91,0],"ix":2},"a":{"a":0,"k":[4.741,0.747,0],"ix":1},"s":{"a":0,"k":[100,100,100],"ix":6}},"ao":0,"shapes":[{"ind":0,"ty":"sh","ix":1,"ks":{"a":0,"k":{"i":[[0,0],[-2.371,0],[0,0]],"o":[[0,0],[2.371,0],[0,0]],"v":[[0,0],[4.628,1.493],[9.483,0]],"c":false},"ix":2},"nm":"Trazado 1","mn":"ADBE Vector Shape - Group","hd":false},{"ty":"st","c":{"a":0,"k":[0.050980392157,0,0,1],"ix":3},"o":{"a":0,"k":100,"ix":4},"w":{"a":0,"k":1,"ix":5},"lc":2,"lj":1,"ml":4,"ml2":{"a":0,"k":4,"ix":8},"nm":"Trazo 1","mn":"ADBE Vector Graphic - Stroke","hd":false}],"ip":0,"op":3600,"st":0,"bm":0},{"ddd":0,"ind":7,"ty":4,"nm":"Path 42","sr":1,"ks":{"o":{"a":0,"k":100,"ix":11},"r":{"a":0,"k":0,"ix":10},"p":{"a":0,"k":[141.493,46.54,0],"ix":2},"a":{"a":0,"k":[2.405,2.337,0],"ix":1},"s":{"a":0,"k":[100,100,100],"ix":6}},"ao":0,"shapes":[{"ind":0,"ty":"sh","ix":1,"ks":{"a":0,"k":{"i":[[0,0],[0,0],[0,0]],"o":[[0,0],[0,0],[0,0]],"v":[[0,4.673],[4.81,4.673],[2.224,0]],"c":true},"ix":2},"nm":"Trazado 1","mn":"ADBE Vector Shape - Group","hd":false},{"ty":"fl","c":{"a":0,"k":[0.937254901961,0.678431372549,0.556862745098,1],"ix":4},"o":{"a":0,"k":100,"ix":5},"r":1,"nm":"Relleno 1","mn":"ADBE Vector Graphic - Fill","hd":false}],"ip":0,"op":3600,"st":0,"bm":0},{"ddd":0,"ind":8,"ty":4,"nm":"Cara","sr":1,"ks":{"o":{"a":0,"k":100,"ix":11},"r":{"a":0,"k":0,"ix":10},"p":{"a":0,"k":[141.124,40.985,0],"ix":2},"a":{"a":0,"k":[15.355,21.921,0],"ix":1},"s":{"a":0,"k":[100,100,100],"ix":6}},"ao":0,"shapes":[{"ind":0,"ty":"sh","ix":1,"ks":{"a":0,"k":{"i":[[0,0],[-1.186,-2.617],[-6.371,0.115],[0,0],[-0.767,4.084],[0,0],[0,0],[0,0]],"o":[[0,0],[1.186,2.618],[6.37,-0.114],[0,0],[0.768,-4.084],[0,0],[0,0],[0,0]],"v":[[0,16.744],[6.308,39.171],[16.01,43.838],[24.966,40.335],[27.339,34.018],[30.709,16.744],[30.004,0],[0,1.097]],"c":true},"ix":2},"nm":"Trazado 1","mn":"ADBE Vector Shape - Group","hd":false},{"ty":"st","c":{"a":0,"k":[0.937254901961,0.678431372549,0.556862745098,1],"ix":3},"o":{"a":0,"k":100,"ix":4},"w":{"a":0,"k":0.7,"ix":5},"lc":1,"lj":1,"ml":4,"ml2":{"a":0,"k":4,"ix":8},"nm":"Trazo 1","mn":"ADBE Vector Graphic - Stroke","hd":false},{"ty":"fl","c":{"a":0,"k":[0.972549019608,0.8,0.678431372549,1],"ix":4},"o":{"a":0,"k":100,"ix":5},"r":1,"nm":"Relleno 1","mn":"ADBE Vector Graphic - Fill","hd":false}],"ip":0,"op":3600,"st":0,"bm":0},{"ddd":0,"ind":9,"ty":4,"nm":"Path 41","sr":1,"ks":{"o":{"a":0,"k":100,"ix":11},"r":{"a":0,"k":0,"ix":10},"p":{"a":0,"k":[141.424,31.014,0],"ix":2},"a":{"a":0,"k":[23.142,31.014,0],"ix":1},"s":{"a":0,"k":[100,100,100],"ix":6}},"ao":0,"shapes":[{"ind":0,"ty":"sh","ix":1,"ks":{"a":0,"k":{"i":[[0,0],[-5.367,0],[0,0],[-2.086,8.71],[1.038,1.882],[0,0],[0.599,-0.349],[0,0],[5.104,2.695],[6.947,-4.631],[0,0]],"o":[[0,0],[5.368,0],[0,0],[2.085,-8.71],[-1.039,-1.882],[0,0],[-0.599,0.35],[0,0],[-5.071,-2.677],[-13.756,9.17],[0,0]],"v":[[6.855,43.034],[23.573,62.027],[35.998,48.645],[45.557,25.405],[43.641,9.186],[37.684,7.498],[37.684,5.91],[35.052,9.186],[28.201,2.372],[7.686,3.115],[2.834,36.216]],"c":true},"ix":2},"nm":"Trazado 1","mn":"ADBE Vector Shape - Group","hd":false},{"ty":"fl","c":{"a":0,"k":[0.141176470588,0.070588235294,0.2,1],"ix":4},"o":{"a":0,"k":100,"ix":5},"r":1,"nm":"Relleno 1","mn":"ADBE Vector Graphic - Fill","hd":false}],"ip":0,"op":3600,"st":0,"bm":0},{"ddd":0,"ind":10,"ty":4,"nm":"Path 40","sr":1,"ks":{"o":{"a":0,"k":100,"ix":11},"r":{"a":0,"k":0,"ix":10},"p":{"a":0,"k":[125.032,54.919,0],"ix":2},"a":{"a":0,"k":[5.508,5.492,0],"ix":1},"s":{"a":0,"k":[100,100,100],"ix":6}},"ao":0,"shapes":[{"ind":0,"ty":"sh","ix":1,"ks":{"a":0,"k":{"i":[[0,0],[2.738,-2.224],[0,0],[-2.281,1.732],[-1.854,0.563],[0,0]],"o":[[0,0],[-2.737,2.224],[0,0],[2.281,-1.733],[1.854,-0.563],[0,0]],"v":[[10.16,0.001],[3.194,2.116],[0,10.985],[2.994,5.424],[8.384,4.198],[11.017,2.635]],"c":true},"ix":2},"nm":"Trazado 1","mn":"ADBE Vector Shape - Group","hd":false},{"ty":"fl","c":{"a":0,"k":[0.141176470588,0.066666666667,0.21568627451,1],"ix":4},"o":{"a":0,"k":100,"ix":5},"r":1,"nm":"Relleno 1","mn":"ADBE Vector Graphic - Fill","hd":false}],"ip":0,"op":3600,"st":0,"bm":0},{"ddd":0,"ind":11,"ty":4,"nm":"Path 39","sr":1,"ks":{"o":{"a":0,"k":100,"ix":11},"r":{"a":0,"k":0,"ix":10},"p":{"a":0,"k":[104.216,56.433,0],"ix":2},"a":{"a":0,"k":[14.507,5.322,0],"ix":1},"s":{"a":0,"k":[100,100,100],"ix":6}},"ao":0,"shapes":[{"ind":0,"ty":"sh","ix":1,"ks":{"a":0,"k":{"i":[[0,0],[6.172,-1.943],[5.321,-0.965],[0,0],[-3.186,-1.631],[-4.195,1.643]],"o":[[0,0],[-6.172,1.942],[-5.32,0.965],[0,0],[3.151,1.612],[8.241,-3.229]],"v":[[29.015,0.666],[21.039,0.941],[7.107,6.231],[0,4.764],[3.931,9.183],[16.702,9.616]],"c":true},"ix":2},"nm":"Trazado 1","mn":"ADBE Vector Shape - Group","hd":false},{"ty":"fl","c":{"a":0,"k":[0.141176470588,0.070588235294,0.2,1],"ix":4},"o":{"a":0,"k":100,"ix":5},"r":1,"nm":"Relleno 1","mn":"ADBE Vector Graphic - Fill","hd":false}],"ip":0,"op":3600,"st":0,"bm":0},{"ddd":0,"ind":12,"ty":4,"nm":"Path 38","sr":1,"ks":{"o":{"a":0,"k":100,"ix":11},"r":{"a":0,"k":0,"ix":10},"p":{"a":0,"k":[109.394,51.271,0],"ix":2},"a":{"a":0,"k":[19.379,10.448,0],"ix":1},"s":{"a":0,"k":[100,100,100],"ix":6}},"ao":0,"shapes":[{"ind":0,"ty":"sh","ix":1,"ks":{"a":0,"k":{"i":[[0,0],[8.008,-1.073],[5.988,1.257],[0,0],[-1.648,-6.04],[-8.547,1.479],[-3.446,1.504],[0,0]],"o":[[0,0],[-8.007,1.074],[-5.988,-1.257],[0,0],[1.648,6.04],[8.547,-1.479],[3.446,-1.503],[0,0]],"v":[[38.511,6.954],[27.465,5.028],[7.674,10.973],[3.515,0],[0.343,13.987],[15.674,20.415],[31.838,9.513],[38.757,7.876]],"c":true},"ix":2},"nm":"Trazado 1","mn":"ADBE Vector Shape - Group","hd":false},{"ty":"fl","c":{"a":0,"k":[0.141176470588,0.066666666667,0.21568627451,1],"ix":4},"o":{"a":0,"k":100,"ix":5},"r":1,"nm":"Relleno 1","mn":"ADBE Vector Graphic - Fill","hd":false}],"ip":0,"op":3600,"st":0,"bm":0},{"ddd":0,"ind":13,"ty":4,"nm":"Polo","sr":1,"ks":{"o":{"a":0,"k":100,"ix":11},"r":{"a":0,"k":0,"ix":10},"p":{"a":0,"k":[143.919,141.519,0],"ix":2},"a":{"a":0,"k":[40.887,62.203,0],"ix":1},"s":{"a":0,"k":[100,100,100],"ix":6}},"ao":0,"shapes":[{"ind":0,"ty":"sh","ix":1,"ks":{"a":0,"k":{"i":[[0,0],[0,0],[-29.641,-0.628],[0,0],[0,0],[0,0],[-3.131,-13.984],[0,0],[20.443,0.591],[0,0],[-2.713,16.489],[0,0]],"o":[[0,0],[0,0],[29.641,0.627],[0,0],[0,0],[0,0],[3.131,13.984],[0,0],[-20.443,-0.59],[0,0],[2.714,-16.49],[0,0]],"v":[[4.677,1.5],[12.517,0],[38.388,40.459],[64.318,0.113],[71.894,1.411],[71.115,46.41],[68.445,99.737],[81.774,115.894],[38.465,124.379],[0,113.533],[8.425,96.17],[5.825,46.41]],"c":true},"ix":2},"nm":"Trazado 1","mn":"ADBE Vector Shape - Group","hd":false},{"ty":"fl","c":{"a":0,"k":[0.98431372549,0.239215686275,0.443137254902,1],"ix":4},"o":{"a":0,"k":100,"ix":5},"r":1,"nm":"Relleno 1","mn":"ADBE Vector Graphic - Fill","hd":false}],"ip":0,"op":3600,"st":0,"bm":0},{"ddd":0,"ind":14,"ty":4,"nm":"Cuerpo Superior","sr":1,"ks":{"o":{"a":0,"k":100,"ix":11},"r":{"a":0,"k":0,"ix":10},"p":{"a":0,"k":[141.466,131.188,0],"ix":2},"a":{"a":0,"k":[141.466,71.627,0],"ix":1},"s":{"a":0,"k":[100,100,100],"ix":6}},"ao":0,"shapes":[{"ind":0,"ty":"sh","ix":1,"ks":{"a":0,"k":{"i":[[0,0],[3.775,-3.598],[0,0],[0,0],[3.838,-9.624],[0,0],[1.38,-5.751],[1.083,-6.391],[0,0],[7.196,-6.606],[6.352,-2.042],[1.447,0.903],[2.271,1.04],[0.369,-1.445],[-3.571,-1.208],[-0.11,-0.293],[0.722,-1.209],[0,0],[1.282,1.517],[0,0],[0,0],[1.697,0.247],[0.046,-0.391],[0.23,-2.253],[0.318,-0.33],[2.283,0.802],[1.411,0.374],[0,0],[-0.41,-0.878],[-1.825,-0.758],[-1.901,-0.748],[0.071,-0.254],[1.588,0.122],[1.386,0],[-0.096,-0.629],[-3.103,-0.571],[-1.634,-0.236],[0,0],[-1.935,-0.544],[-2.592,1.018],[-5.749,4.942],[0,0],[-0.397,-0.174],[1.38,-16.773],[0,0],[-20.424,-0.567],[0,0],[2.744,17.38],[-0.367,1.005],[-3.323,-10.739],[-1.277,-1.28],[-0.968,-0.48],[-8.397,-1.363],[-2.508,0.87],[-1.621,0.493],[-1.028,0.254],[1.67,0.294],[0.767,0.154],[-1.95,0.841],[0,0],[0,0.997],[1.358,-0.138],[0,0],[0.57,0.218],[0.179,0.64],[0.939,-0.287],[0.128,-1.612],[0.399,-1.806],[1.188,-1.073],[0,0],[0.882,0.115],[0.2,0.118],[0,0],[-1.361,0.843],[0,0],[2.262,2.827],[0,0],[0,0],[9.659,7.32],[4.634,2.365],[0,0],[0,0],[3.135,8.075],[0,0],[0,0],[3.508,3.873],[0,0]],"o":[[0,0],[-3.775,3.598],[0,0],[0,0],[-3.838,9.624],[0,0],[-1.38,5.751],[-1.083,6.391],[0,0],[-7.196,6.606],[-6.352,2.042],[-1.447,-0.903],[-2.271,-1.04],[-0.369,1.445],[3.571,1.208],[0.11,0.293],[-0.723,1.209],[0,0],[-1.282,-1.517],[0,0],[0,0],[-1.697,-0.247],[-0.046,0.391],[-0.23,2.252],[-0.317,0.329],[-2.282,-0.801],[-1.411,-0.374],[0,0],[0.41,0.879],[1.825,0.758],[1.901,0.748],[-0.071,0.253],[-1.588,-0.122],[-1.386,0],[0.096,0.628],[3.103,0.572],[1.633,0.236],[0,0],[1.935,0.544],[2.592,-1.018],[5.749,-4.942],[0,0],[0.398,0.174],[-1.38,16.773],[0,0],[20.424,0.566],[0,0],[-2.744,-17.379],[0.367,-1.005],[1.482,4.789],[1.441,1.447],[0.968,0.48],[8.397,1.363],[2.508,-0.87],[1.622,-0.492],[1.028,-0.254],[-1.67,-0.293],[-0.768,-0.154],[1.95,-0.841],[0,0],[0,-0.997],[-1.358,0.138],[0,0],[-0.57,-0.218],[-0.179,-0.64],[-0.939,0.288],[-0.128,1.612],[-0.399,1.807],[-1.189,1.073],[0,0],[-0.882,-0.115],[-0.2,-0.118],[0,0],[1.361,-0.844],[0,0],[-2.262,-2.827],[0,0],[0,0],[-9.658,-7.32],[-4.634,-2.364],[0,0],[0,0],[-3.135,-8.076],[0,0],[0,0],[-3.508,-3.874],[0,0]],"v":[[132.459,0],[128.21,14.453],[115.489,19.771],[107.846,21.237],[94.22,31.561],[92.078,59.9],[89.543,70.36],[86.093,87.229],[84.834,95.564],[67.754,103.402],[46.761,117.585],[26.227,113.127],[21.578,108.967],[17.144,109.111],[20.38,114.466],[24.201,117.196],[24.463,120.796],[21.214,121.916],[17.055,120.471],[16.642,115.7],[17.144,111.834],[15.486,109.794],[13.818,111.275],[13.028,116.32],[12.897,120.285],[7.037,118.576],[3.732,117.192],[1.394,117.079],[0.063,118.576],[3.178,120.534],[7.556,121.732],[10.782,123.526],[7.556,123.735],[4.435,123.159],[2.036,123.893],[5.268,125.676],[14.007,126.287],[16.642,127.167],[20.123,129.215],[30.741,129.492],[96.586,107.934],[102.645,98.158],[108.787,66.062],[111.86,114.877],[103.297,133.314],[143.785,143.226],[184.993,135.58],[171.391,117.566],[174.052,66.088],[181.107,99.598],[185.778,107.512],[188.435,109.363],[250.528,129.444],[264.202,128.526],[267.114,126.93],[279.399,125.106],[280.154,123.307],[272.595,123.87],[275.973,121.655],[280.374,120.425],[282.933,118.339],[279.921,116.941],[275.795,118.588],[269.891,120.505],[269.141,111.307],[267.171,109.643],[266.276,113.405],[266.276,117.985],[264.766,121.272],[261.762,122.116],[260.018,121.477],[258.235,121.371],[258.235,117.822],[259.726,115.811],[263.679,114.448],[265.463,109.166],[259.999,109.924],[256.012,113.758],[230.898,115.306],[205.472,97.794],[197.943,95.171],[190.489,55.277],[188.875,31.527],[175.281,21.238],[167.268,19.854],[155.272,14.835],[150.622,0]],"c":true},"ix":2},"nm":"Trazado 1","mn":"ADBE Vector Shape - Group","hd":false},{"ty":"fl","c":{"a":0,"k":[0.972549019608,0.8,0.678431372549,1],"ix":4},"o":{"a":0,"k":100,"ix":5},"r":1,"nm":"Relleno 1","mn":"ADBE Vector Graphic - Fill","hd":false}],"ip":0,"op":3600,"st":0,"bm":0},{"ddd":0,"ind":15,"ty":4,"nm":"Part3","sr":1,"ks":{"o":{"a":0,"k":100,"ix":11},"r":{"a":0,"k":0,"ix":10},"p":{"a":0,"k":[212.944,214.748,0],"ix":2},"a":{"a":0,"k":[45.84,16.126,0],"ix":1},"s":{"a":0,"k":[100,100,100],"ix":6}},"ao":0,"shapes":[{"ind":0,"ty":"sh","ix":1,"ks":{"a":0,"k":{"i":[[0,0],[-22.888,4.511],[-0.073,-1.457],[32.853,-6.299],[0,0],[0.674,2.685]],"o":[[0,0],[22.888,-4.511],[0.074,1.457],[-32.853,6.299],[0,0],[-0.674,-2.686]],"v":[[0,21.509],[52.697,1.858],[91.679,3.742],[54.439,24.213],[2.697,32.251],[2.398,26.959]],"c":true},"ix":2},"nm":"Trazado 1","mn":"ADBE Vector Shape - Group","hd":false},{"ty":"fl","c":{"a":0,"k":[0.2,0.219607843137,0.317647058824,1],"ix":4},"o":{"a":0,"k":100,"ix":5},"r":1,"nm":"Relleno 1","mn":"ADBE Vector Graphic - Fill","hd":false}],"ip":0,"op":3600,"st":0,"bm":0},{"ddd":0,"ind":16,"ty":4,"nm":"Part2","sr":1,"ks":{"o":{"a":0,"k":100,"ix":11},"r":{"a":0,"k":0,"ix":10},"p":{"a":0,"k":[74.543,207.505,0],"ix":2},"a":{"a":0,"k":[42.067,21.206,0],"ix":1},"s":{"a":0,"k":[100,100,100],"ix":6}},"ao":0,"shapes":[{"ind":0,"ty":"sh","ix":1,"ks":{"a":0,"k":{"i":[[0,0],[21.719,8.038],[-0.124,-0.506],[-16.303,-6.175],[0,0],[-1.308,2.508]],"o":[[0,0],[-21.719,-8.039],[0.123,0.505],[16.303,6.175],[0,0],[1.308,-2.508]],"v":[[84.135,32.379],[32.829,4.054],[0.001,2.832],[35.546,26.038],[78.903,42.412],[80.942,36.687]],"c":true},"ix":2},"nm":"Trazado 1","mn":"ADBE Vector Shape - Group","hd":false},{"ty":"fl","c":{"a":0,"k":[0.2,0.219607843137,0.317647058824,1],"ix":4},"o":{"a":0,"k":100,"ix":5},"r":1,"nm":"Relleno 1","mn":"ADBE Vector Graphic - Fill","hd":false}],"ip":0,"op":3600,"st":0,"bm":0},{"ddd":0,"ind":17,"ty":4,"nm":"Part1","sr":1,"ks":{"o":{"a":0,"k":100,"ix":11},"r":{"a":0,"k":0,"ix":10},"p":{"a":0,"k":[143.102,206.26,0],"ix":2},"a":{"a":0,"k":[118.372,29.345,0],"ix":1},"s":{"a":0,"k":[100,100,100],"ix":6}},"ao":0,"shapes":[{"ind":0,"ty":"sh","ix":1,"ks":{"a":0,"k":{"i":[[21.283,0.008],[5.781,1.284],[5.685,-7.313],[-11.163,-7.761],[0,0],[-1.363,3.836],[0,0],[0,0],[-4.916,0.285],[0,0],[-3.381,-0.575],[0,0],[0,0],[-0.365,-3.876],[0,0],[-23.466,7.506],[0,0],[20.13,3.456],[0,0]],"o":[[-21.283,-0.007],[-5.78,-1.284],[-5.685,7.312],[11.163,7.762],[0,0],[1.363,-3.836],[0,0],[0,0],[4.917,-0.285],[0,0],[3.381,0.575],[0,0],[0,0],[0.365,3.876],[0,0],[23.466,-7.506],[0,0],[-20.13,-3.456],[0,0]],"v":[[116.737,25.901],[35.311,0.281],[1.273,9.433],[21.306,33.813],[86.375,57.209],[87.46,48.584],[91.828,41.865],[98.117,45.85],[107.697,39.422],[117.783,44.709],[125.509,43.541],[131.308,47.009],[142.355,43.187],[145.081,51.002],[143.816,58.69],[211.935,46.041],[236.745,28.64],[215.952,11.581],[159.638,18.407]],"c":true},"ix":2},"nm":"Trazado 1","mn":"ADBE Vector Shape - Group","hd":false},{"ty":"fl","c":{"a":0,"k":[0.258823529412,0.270588235294,0.337254901961,1],"ix":4},"o":{"a":0,"k":100,"ix":5},"r":1,"nm":"Relleno 1","mn":"ADBE Vector Graphic - Fill","hd":false}],"ip":0,"op":3600,"st":0,"bm":0},{"ddd":0,"ind":18,"ty":4,"nm":"Path 19","sr":1,"ks":{"o":{"a":0,"k":100,"ix":11},"r":{"a":0,"k":0,"ix":10},"p":{"a":0,"k":[153.808,237.347,0],"ix":2},"a":{"a":0,"k":[42.742,18.653,0],"ix":1},"s":{"a":0,"k":[100,100,100],"ix":6}},"ao":0,"shapes":[{"ind":0,"ty":"sh","ix":1,"ks":{"a":0,"k":{"i":[[0,0],[-6.639,-5.619],[0,0],[-2.192,-0.247],[-1.879,-0.298],[-0.512,-2.431],[0.696,-0.545],[0.435,0.226],[0,0],[0,0],[-1.374,4.66],[0,0],[-4.948,-1.943],[-1.817,0.562],[0,0],[-3.297,-0.586]],"o":[[0,0],[6.639,5.62],[0,0],[2.193,0.247],[1.879,0.299],[0.512,2.43],[-0.602,0.471],[0.031,0.017],[0,0],[0,0],[1.374,-4.66],[0,0],[4.948,1.943],[1.816,-0.563],[0,0],[3.297,0.587]],"v":[[45.02,5.38],[51.69,12.661],[71.457,27.763],[74.772,28.68],[80.343,28.979],[85.417,32.736],[82.707,37.135],[80.343,36.75],[80.343,36.75],[0.105,15.489],[0.937,7.446],[5.529,0],[16.312,6.118],[26.868,7.212],[31.829,2.999],[39.48,1.828]],"c":true},"ix":2},"nm":"Trazado 1","mn":"ADBE Vector Shape - Group","hd":false},{"ty":"fl","c":{"a":0,"k":[0.952941176471,0.745098039216,0.635294117647,1],"ix":4},"o":{"a":0,"k":100,"ix":5},"r":1,"nm":"Relleno 1","mn":"ADBE Vector Graphic - Fill","hd":false}],"ip":0,"op":3600,"st":0,"bm":0},{"ddd":0,"ind":19,"ty":4,"nm":"Path 18","sr":1,"ks":{"o":{"a":0,"k":100,"ix":11},"r":{"a":0,"k":0,"ix":10},"p":{"a":0,"k":[126.289,230.312,0],"ix":2},"a":{"a":0,"k":[43.615,14.033,0],"ix":1},"s":{"a":0,"k":[100,100,100],"ix":6}},"ao":0,"shapes":[{"ind":0,"ty":"sh","ix":1,"ks":{"a":0,"k":{"i":[[4.879,-0.299],[0,0],[0,0],[5.033,-1.297],[2.163,-0.136],[0.112,-2.811],[-1.157,-0.254],[0,0],[0.244,4.185],[0,0],[0,0],[3.452,0.562],[0,0]],"o":[[-4.879,0.3],[0,0],[0,0],[-5.033,1.297],[-2.163,0.135],[-0.113,2.811],[1.157,0.254],[0,0],[-0.244,-4.185],[0,0],[0,0],[-3.452,-0.562],[0,0]],"v":[[49.697,0.012],[40.063,6.434],[23.266,15.944],[14.211,20.289],[5.683,20.289],[0.005,23.898],[2.69,28.06],[85.928,19.344],[87.204,11.682],[84.464,3.791],[73.385,7.483],[67.536,4.083],[59.875,5.312]],"c":true},"ix":2},"nm":"Trazado 1","mn":"ADBE Vector Shape - Group","hd":false},{"ty":"fl","c":{"a":0,"k":[0.929411764706,0.647058823529,0.517647058824,1],"ix":4},"o":{"a":0,"k":100,"ix":5},"r":1,"nm":"Relleno 1","mn":"ADBE Vector Graphic - Fill","hd":false}],"ip":0,"op":3600,"st":0,"bm":0}]}],"layers":[{"ddd":0,"ind":1,"ty":0,"nm":"GirlEnding3","refId":"comp_0","sr":1,"ks":{"o":{"a":0,"k":100,"ix":11},"r":{"a":0,"k":0,"ix":10},"p":{"a":1,"k":[{"i":{"x":0.833,"y":0.833},"o":{"x":0.167,"y":0.167},"n":"0p833_0p833_0p167_0p167","t":0,"s":[180.467,180,0],"e":[180.467,147,0],"to":[0,-5.5,0],"ti":[0,1.5,0]},{"i":{"x":0.833,"y":0.833},"o":{"x":0.167,"y":0.167},"n":"0p833_0p833_0p167_0p167","t":98,"s":[180.467,147,0],"e":[180.467,171,0],"to":[0,-1.5,0],"ti":[0,-5.49999332427979,0]},{"i":{"x":0.833,"y":0.833},"o":{"x":0.167,"y":0.167},"n":"0p833_0p833_0p167_0p167","t":195,"s":[180.467,171,0],"e":[180.467,147,0],"to":[0,1.10520315170288,0],"ti":[0,-0.84688836336136,0]},{"i":{"x":0.833,"y":0.833},"o":{"x":0.167,"y":0.167},"n":"0p833_0p833_0p167_0p167","t":298,"s":[180.467,147,0],"e":[180.467,180,0],"to":[0,3.36761331558228,0],"ti":[0,-1.19857537746429,0]},{"t":389}],"ix":2,"x":"var $bm_rt;\nvar amp, freq, decay, n, time_max, n, t, t, v, amp, freq, decay, n, time_max, n, t, t, v;\namp = 0.08;\nfreq = 2;\ndecay = 3;\nn = 0;\ntime_max = 3;\nif (numKeys > 0) {\n    n = nearestKey(time).index;\n    if (key(n).time > time) {\n        n--;\n    }\n}\nif (n == 0) {\n    t = 0;\n} else {\n    t = sub(time, key(n).time);\n}\nif (n > 0 && t < time_max) {\n    v = velocityAtTime(sub(key(n).time, div(thisComp.frameDuration, 10)));\n    sum(value, div(mul(mul(v, amp), Math.sin(mul(mul(mul(freq, t), 2), Math.PI))), Math.exp(mul(decay, t))));\n} else {\n    value;\n}\namp = 0.08;\nfreq = 2;\ndecay = 3;\nn = 0;\n$bm_rt = time_max = 3;\nif (numKeys > 0) {\n    $bm_rt = n = nearestKey(time).index;\n    if (key(n).time > time) {\n        n--;\n    }\n}\nif (n == 0) {\n    $bm_rt = t = 0;\n} else {\n    $bm_rt = t = sub(time, key(n).time);\n}\nif (n > 0 && t < time_max) {\n    v = velocityAtTime(sub(key(n).time, div(thisComp.frameDuration, 10)));\n    $bm_rt = sum(value, div(mul(mul(v, amp), Math.sin(mul(mul(mul(freq, t), 2), Math.PI))), Math.exp(mul(decay, t))));\n} else {\n    $bm_rt = value;\n}"},"a":{"a":0,"k":[141,127.5,0],"ix":1},"s":{"a":0,"k":[100,100,100],"ix":6}},"ao":0,"w":282,"h":255,"ip":0,"op":3600,"st":0,"bm":0}],"markers":[]}